data,descricao,categoria,valor,tipo,score_risco_ml,status_risco,dispositivo,localizacao
2025-10-01,Salário,receita,5000.00,entrada,0.01,NORMAL,Web Banking,Indaiatuba-BR
2025-10-02,Aluguel,moradia,1200.00,saida,0.02,NORMAL,App Mobile,Indaiatuba-BR
2025-10-03,Supermercado,alimentacao,450.00,saida,0.03,NORMAL,Cartão Presencial,Indaiatuba-BR
2025-10-05,Netflix,lazer,55.90,saida,0.01,NORMAL,Débito Automático,Indaiatuba-BR
2025-10-07,Farmácia,saude,89.00,saida,0.02,NORMAL,Cartão Presencial,Indaiatuba-BR
2025-10-10,Restaurante,alimentacao,120.00,saida,0.04,NORMAL,Cartão Presencial,Indaiatuba-BR
2025-10-12,Uber,transporte,45.00,saida,0.02,NORMAL,App Mobile,Indaiatuba-BR
2025-10-15,Conta de Luz,moradia,180.00,saida,0.01,NORMAL,Web Banking,Indaiatuba-BR
2025-10-20,Academia,saude,99.00,saida,0.02,NORMAL,Débito Automático,Indaiatuba-BR
2025-10-25,Combustível,transporte,250.00,saida,0.03,NORMAL,Cartão Presencial,Indaiatuba-BR
2025-10-26,Compra Crypto Online,investimento_risco,12500.00,saida,0.96,SUSPEITO_ALTO_RISCO,IP Desconhecido (VPN),Lagos-NG
2025-10-26,Transferência PIX Noturna,transferencia,4800.00,saida,0.88,SUSPEITO_MEDIO_RISCO,Dispositivo Não Cadastrado,São Paulo-BR
